champion,position,win_rate,tier,core_items,hard_counters
Garen,TOP,52.0,2,"Stridebreaker, Phantom Dancer, Mortal Reminder, Berserker's Greaves, Doran's Shield","Kayle, Quinn, Ryze, K'Sante, Yasuo"
Kayle,TOP,53.0,3,"Nashor's Tooth, Dusk and Dawn, Rabadon's Deathcap, Boots of Swiftness, Doran's Blade","Irelia, Vladimir, Anivia, Sion, Akali"
Malphite,TOP,51.0,3,"Sunfire Aegis, Thornmail, Frozen Heart, Plated Steelcaps, Doran's Ring","Dr. Mundo, Swain, Anivia, Kassadin, Galio"
Ornn,TOP,52.0,3,"Sunfire Aegis, Thornmail, Jak'Sho, The Protean, Plated Steelcaps","Cassiopeia, Singed, Shen, Gnar, Yorick"
Shen,TOP,52.0,3,"Titanic Hydra, Dusk and Dawn, Bandlepipes, Plated Steelcaps, Doran's Shield","Riven, Illaoi, Sett, Qiyana, Aatrox"
Sett,TOP,51.0,3,"Stridebreaker, Overlord's Bloodmail, Sterak's Gage, Plated Steelcaps, Doran's Blade","Cassiopeia, Wukong, Singed, Cho'Gath, Illaoi"
Mordekaiser,TOP,51.0,3,"Rylai's Crystal Scepter, Riftmaker, Liandry's Torment, Plated Steelcaps, Doran's Ring","Cassiopeia, Vayne, Heimerdinger, Illaoi, Camille"
Gangplank,TOP,51.0,3,"Essence Reaver, The Collector, Infinity Edge, Plated Steelcaps, Doran's Blade","Kayle, Zac, Kled, Yasuo, Yone"
Olaf,TOP,52.0,3,"Stridebreaker, Experimental Hexplate, Death's Dance, Plated Steelcaps, Doran's Blade","Vladimir, Zac, Camille, Jayce, Darius"
Vayne,TOP,51.0,2,"Experimental Hexplate, Essence Reaver, Stormrazor, Berserker's Greaves, Doran's Blade","Katarina, Miss Fortune, Yasuo, Malphite, Aurora"
Sion,TOP,51.0,3,"Hollow Radiance, Unending Despair, Jak'Sho, The Protean, Plated Steelcaps","Singed, Swain, Darius, Cho'Gath, Twisted Fate"
Fiora,TOP,51.0,3,"Ravenous Hydra, Trinity Force, Death's Dance, Plated Steelcaps, Doran's Blade","Quinn, Shen, Warwick, Mordekaiser, Yone"
Darius,TOP,50.0,3,"Youmuu's Ghostblade, Dead Man's Plate, Death's Dance, Plated Steelcaps, Doran's Blade","Anivia, Varus, Cassiopeia, Elise, Evelynn"
Singed,TOP,52.0,4,"Liandry's Torment, Rylai's Crystal Scepter, Protoplasm Harness, Boots of Swiftness, Doran's Ring","Master Yi, Warwick, Poppy, Jax, Sion"
Aatrox,TOP,50.0,3,"Spear of Shojin, Voltaic Cyclosword, Serylda's Grudge, Plated Steelcaps, Doran's Shield","Malphite, Heimerdinger, Kayle, Darius, Master Yi"
Irelia,TOP,50.0,3,"Blade of The Ruined King, Hullbreaker, Wit's End, Plated Steelcaps, Doran's Blade","Zac, Jax, Malphite, Nasus, Vex"
Renekton,TOP,50.0,4,"Eclipse, Black Cleaver, Sterak's Gage, Plated Steelcaps, Doran's Blade","Swain, Varus, Teemo, Riven, Yorick"
Tryndamere,TOP,51.0,4,"Ravenous Hydra, Phantom Dancer, Infinity Edge, Berserker's Greaves, Doran's Blade","Udyr, Teemo, Ryze, Ambessa, Jayce"
Camille,TOP,50.0,4,"Trinity Force, Ravenous Hydra, Death's Dance, Plated Steelcaps, Doran's Blade","Maokai, Vladimir, Teemo, Garen, Ambessa"
Jax,TOP,50.0,3,"Trinity Force, Sundered Sky, Zhonya's Hourglass, Plated Steelcaps, Doran's Blade","Quinn, Zac, Cassiopeia, Fiddlesticks, Malphite"
Anivia,TOP,51.0,3,"Tear of the Goddess, Rod of Ages, Seraph's Embrace, Liandry's Torment, Boots of Swiftness","Morgana, Aurelion Sol, Vel'Koz, Maokai, LeBlanc"
Nasus,TOP,51.0,3,"Trinity Force, Frozen Heart, Spirit Visage, Ionian Boots of Lucidity, Doran's Shield","Anivia, Wukong, Pantheon, Sejuani, Darius"
Teemo,TOP,51.0,4,"Nashor's Tooth, Liandry's Torment, Malignance, Sorcerer's Shoes, Doran's Ring","Aurora, Cassiopeia, Ornn, Bel'Veth, Rammus"
Urgot,TOP,51.0,4,"Black Cleaver, Sterak's Gage, Jak'Sho, The Protean, Plated Steelcaps","Kayle, Ryze, Kled, Jax, Jayce"
Dr. Mundo,TOP,50.0,4,"Warmog's Armor, Heartsteel, Titanic Hydra, Boots of Swiftness, Doran's Shield","Zac, Gwen, Fiora, Taliyah, Aatrox"
Riven,TOP,51.0,4,"Axiom Arc, Sundered Sky, Death's Dance, Ionian Boots of Lucidity, Doran's Blade","Kennen, Cho'Gath, Pantheon, Shen, Irelia"
Yorick,TOP,50.0,4,"Trinity Force, Spear of Shojin, Serylda's Grudge, Plated Steelcaps, Doran's Shield","Quinn, Ornn, Akali, Jayce, Mordekaiser"
Kled,TOP,52.0,4,"Titanic Hydra, Hullbreaker, Overlord's Bloodmail, Plated Steelcaps, Doran's Blade","Swain, Poppy, Fiora, Jax, Aatrox"
Akali,TOP,50.0,3,"Hextech Gunblade, Shadowflame, Zhonya's Hourglass, Sorcerer's Shoes, Doran's Ring","Pantheon, Nasus, Akshan, Zac, Riven"
Pantheon,TOP,50.0,4,"Eclipse, Black Cleaver, Sundered Sky, Plated Steelcaps, Doran's Blade","Zoe, Fiddlesticks, Zilean, Anivia, Poppy"
Gnar,TOP,50.0,4,"Trinity Force, Black Cleaver, Sterak's Gage, Plated Steelcaps, Doran's Blade","Maokai, Malphite, Ornn, K'Sante, Zaahen"
Kennen,TOP,51.0,4,"Hextech Rocketbelt, Shadowflame, Zhonya's Hourglass, Sorcerer's Shoes, Doran's Blade","Zac, Gangplank, Vladimir, Darius, Renekton"
Yone,TOP,49.0,4,"Blade of The Ruined King, Immortal Shieldbow, Infinity Edge, Berserker's Greaves, Doran's Blade","Kayle, Annie, Pantheon, Olaf, Wukong"
Ambessa,TOP,49.0,3,"Eclipse, Spear of Shojin, Death's Dance, Plated Steelcaps, Doran's Shield","Rammus, Taliyah, Master Yi, Maokai, Warwick"
Volibear,TOP,50.0,4,"Dusk and Dawn, Navori Flickerblade, Spirit Visage, Plated Steelcaps, Doran's Ring","Cassiopeia, Ryze, Kayle, Elise, Darius"
Quinn,TOP,52.0,4,"Profane Hydra, The Collector, Lord Dominik's Regards, Berserker's Greaves, Doran's Blade","Heimerdinger, Olaf, Malphite"
Cho'Gath,TOP,50.0,4,"Hextech Rocketbelt, Riftmaker, Dead Man's Plate, Plated Steelcaps, Doran's Ring","Kayle, Udyr, Sett, Brand, Galio"
Poppy,TOP,50.0,4,"Tear of the Goddess, Sundered Sky, Fimbulwinter, Thornmail, Plated Steelcaps","Janna, Renata Glasc, Lulu, Quinn, Warwick"
Varus,TOP,49.0,4,"Dusk and Dawn, Nashor's Tooth, Riftmaker, Plated Steelcaps, Doran's Blade","Veigar, Brand, Aurelion Sol, Udyr, Olaf"
Tahm Kench,TOP,50.0,4,"Heartsteel, Dusk and Dawn, Riftmaker, Plated Steelcaps, Doran's Shield","Braum, Rell, Hwei, Anivia, Zac"
Zaahen,TOP,50.0,4,"Trinity Force, Sundered Sky, Death's Dance, Plated Steelcaps, Doran's Blade","Olaf, Swain, Urgot, Zyra, Nidalee"
Jayce,TOP,49.0,4,"Tear of the Goddess, Youmuu's Ghostblade, Muramana, Serylda's Grudge, Ionian Boots of Lucidity","Olaf, Poppy, Irelia, Sion, Malphite"
Cassiopeia,TOP,51.0,4,"Tear of the Goddess, Rod of Ages, Seraph's Embrace, Rylai's Crystal Scepter, Boots of Swiftness","Brand, Sion, Pantheon, Dr. Mundo, Yorick"
Illaoi,TOP,50.0,5,"Black Cleaver, Iceborn Gauntlet, Sterak's Gage, Plated Steelcaps, Doran's Shield","Cassiopeia, Varus, Mordekaiser, Jax, Shen"
Gragas,TOP,50.0,4,"Tear of the Goddess, Rod of Ages, Fimbulwinter, Cosmic Drive, Ionian Boots of Lucidity","Ornn, Heimerdinger, Wukong, Zyra, Amumu"
Yasuo,TOP,50.0,3,"Blade of The Ruined King, Immortal Shieldbow, Infinity Edge, Berserker's Greaves, Doran's Blade","Annie, Lissandra, Cho'Gath, Wukong, Zac"
Gwen,TOP,50.0,4,"Dusk and Dawn, Shadowflame, Rabadon's Deathcap, Plated Steelcaps, Doran's Ring","Master Yi, Singed, Yasuo, Ivern, Karthus"
Warwick,TOP,51.0,4,"Blade of The Ruined King, Stridebreaker, Spirit Visage, Plated Steelcaps, Doran's Blade","Taliyah, Skarner, Shen, Swain, Quinn"
Vladimir,TOP,50.0,4,"Hextech Rocketbelt, Riftmaker, Rabadon's Deathcap, Ionian Boots of Lucidity, Doran's Ring","Cho'Gath, Anivia, Vel'Koz, Udyr, Cassiopeia"
Rumble,TOP,49.0,5,"Liandry's Torment, Bloodletter's Curse, Zhonya's Hourglass, Sorcerer's Shoes, Doran's Ring","Cassiopeia, Ryze, Anivia, K'Sante, Ambessa"
Heimerdinger,TOP,50.0,5,"Blackfire Torch, Liandry's Torment, Zhonya's Hourglass, Sorcerer's Shoes, Doran's Ring","Wukong, Udyr, Kled"
Sylas,TOP,50.0,3,"Hextech Rocketbelt, Riftmaker, Zhonya's Hourglass, Ionian Boots of Lucidity, Doran's Ring","Sion, Pantheon, Naafiri, Taliyah, Teemo"
Wukong,TOP,50.0,4,"Trinity Force, Black Cleaver, Sundered Sky, Plated Steelcaps, Doran's Blade","Zyra, Fizz, Ivern, Vladimir, Teemo"
Zac,TOP,51.0,4,"Sunfire Aegis, Spirit Visage, Thornmail, Plated Steelcaps, Doran's Shield","Jayce, Nidalee, Bel'Veth, Varus, Warwick"
Ryze,TOP,48.0,5,"Tear of the Goddess, Rod of Ages, Seraph's Embrace, Actualizer, Sorcerer's Shoes","Vel'Koz, Brand, Aurelion Sol, Pantheon, Dr. Mundo"
Aurora,TOP,50.0,4,"Luden's Echo, Shadowflame, Rabadon's Deathcap, Sorcerer's Shoes, Doran's Ring","Taliyah, Vex, Nasus, Cassiopeia, Quinn"
K'Sante,TOP,48.0,5,"Iceborn Gauntlet, Unending Despair, Jak'Sho, The Protean, Plated Steelcaps","Singed, Pantheon, Kayle, Jax, Zaahen"
Maokai,TOP,51.0,4,"Tear of the Goddess, Sunfire Aegis, Fimbulwinter, Spirit Visage, Plated Steelcaps","Fiddlesticks, Zilean, Leona, Volibear, Illaoi"
Swain,TOP,51.0,3,"Blackfire Torch, Rylai's Crystal Scepter, Zhonya's Hourglass, Plated Steelcaps, Doran's Ring","Milio, Fiddlesticks, Vel'Koz, Kalista, Vayne"
Udyr,TOP,50.0,4,"Malignance, Hextech Rocketbelt, Shadowflame, Plated Steelcaps, Doran's Ring","Jayce, Shen, Nunu & Willump, Anivia, Volibear"
Trundle,TOP,49.0,5,"Ravenous Hydra, Trinity Force, Hullbreaker, Plated Steelcaps, Doran's Blade","Zac, Riven, Anivia"
Master Yi,TOP,51.0,3,"Titanic Hydra, Blade of The Ruined King, Guinsoo's Rageblade, Berserker's Greaves, Doran's Blade","Ivern, Zyra, Darius, Kled, Fiora"
Nocturne,JUNGLE,52.0,1,"Experimental Hexplate, Stridebreaker, Black Cleaver, Plated Steelcaps, Scorchclaw Pup","Udyr, Nunu & Willump, Ivern, Naafiri, Kha'Zix"
Briar,JUNGLE,52.0,3,"Blade of The Ruined King, Black Cleaver, Death's Dance, Plated Steelcaps, Gustwalker Hatchling","Nasus, Taliyah, Teemo, Sylas, Diana"
Rammus,JUNGLE,53.0,3,"Thornmail, Sunfire Aegis, Jak'Sho, The Protean, Plated Steelcaps","Nunu & Willump, Skarner, Naafiri, Master Yi, Viego"
Lee Sin,JUNGLE,50.0,2,"Eclipse, Sundered Sky, Death's Dance, Plated Steelcaps, Scorchclaw Pup","Zyra, Fiddlesticks, Taliyah, Zed, Kha'Zix"
Naafiri,JUNGLE,51.0,2,"Hubris, Axiom Arc, Serylda's Grudge, Ionian Boots of Lucidity, Scorchclaw Pup","Nocturne, Diana, Zyra, Kayle, Pantheon"
Shyvana,JUNGLE,51.0,3,"Kraken Slayer, Dusk and Dawn, Sundered Sky, Plated Steelcaps, Scorchclaw Pup","Darius, Sylas, Bel'Veth, Diana, Amumu"
Graves,JUNGLE,50.0,2,"Hubris, The Collector, Lord Dominik's Regards, Plated Steelcaps, Scorchclaw Pup","Zyra, Fiddlesticks, Naafiri, Qiyana, Pantheon"
Master Yi,JUNGLE,51.0,3,"Kraken Slayer, Guinsoo's Rageblade, Experimental Hexplate, Berserker's Greaves, Gustwalker Hatchling","Ivern, Zyra, Darius, Kled, Fiora"
Rek'Sai,JUNGLE,52.0,3,"Stridebreaker, Spear of Shojin, Sterak's Gage, Plated Steelcaps, Scorchclaw Pup","Darius, Aatrox, Zyra, Viego, Ambessa"
Fiddlesticks,JUNGLE,52.0,3,"Malignance, Liandry's Torment, Zhonya's Hourglass, Sorcerer's Shoes, Gustwalker Hatchling","Rek'Sai, Gragas, Volibear, Alistar, Shaco"
Xin Zhao,JUNGLE,51.0,3,"Sundered Sky, Black Cleaver, Death's Dance, Plated Steelcaps, Gustwalker Hatchling","Nasus, Taliyah, Elise, Nidalee, Rengar"
Jarvan IV,JUNGLE,51.0,3,"Sundered Sky, Black Cleaver, Guardian Angel, Plated Steelcaps, Scorchclaw Pup","Bel'Veth, Fizz, Nunu & Willump, Rengar, Dr. Mundo"
Nunu & Willump,JUNGLE,52.0,4,"Liandry's Torment, Frozen Heart, Kaenic Rookern, Plated Steelcaps, Gustwalker Hatchling","Rek'Sai, Bel'Veth, Ivern, Graves, Viego"
Kayn,JUNGLE,51.0,3,"Hubris, Axiom Arc, Serylda's Grudge, Ionian Boots of Lucidity, Gustwalker Hatchling","Zyra, Ivern, Fiddlesticks, Volibear, Dr. Mundo"
Bel'Veth,JUNGLE,51.0,4,"Kraken Slayer, Stridebreaker, Death's Dance, Plated Steelcaps, Gustwalker Hatchling","Rammus, Rek'Sai, Nasus, Viego, Jarvan IV"
Zyra,JUNGLE,52.0,3,"Liandry's Torment, Shadowflame, Zhonya's Hourglass, Sorcerer's Shoes, Scorchclaw Pup","Sona, Galio, LeBlanc, Briar, Udyr"
Viego,JUNGLE,50.0,3,"Kraken Slayer, The Collector, Immortal Shieldbow, Plated Steelcaps, Gustwalker Hatchling","Bel'Veth, Rek'Sai, Qiyana, Dr. Mundo, Ivern"
Elise,JUNGLE,51.0,3,"Stormsurge, Shadowflame, Zhonya's Hourglass, Sorcerer's Shoes, Scorchclaw Pup","Taliyah, Amumu, Nasus, Shaco, Leona"
Nasus,JUNGLE,51.0,3,"Trinity Force, Protoplasm Harness, Jak'Sho, The Protean, Boots of Swiftness","Anivia, Wukong, Pantheon, Sejuani, Darius"
Diana,JUNGLE,51.0,3,"Dusk and Dawn, Riftmaker, Zhonya's Hourglass, Sorcerer's Shoes, Scorchclaw Pup","Nasus, Cassiopeia, Sion, Volibear, Gwen"
Lillia,JUNGLE,51.0,4,"Liandry's Torment, Riftmaker, Zhonya's Hourglass, Sorcerer's Shoes, Gustwalker Hatchling","Rengar, Elise, Rek'Sai, Sylas, Zac"
Evelynn,JUNGLE,51.0,4,"Dark Seal, Lich Bane, Mejai's Soulstealer, Rabadon's Deathcap, Sorcerer's Shoes","Rengar, Briar, Zac, Viego, Xin Zhao"
Ekko,JUNGLE,51.0,3,"Dusk and Dawn, Shadowflame, Rabadon's Deathcap, Sorcerer's Shoes, Scorchclaw Pup","Taliyah, Nasus, Darius, Pantheon, Vladimir"
Shaco,JUNGLE,50.0,4,"Youmuu's Ghostblade, The Collector, Infinity Edge, Berserker's Greaves, Gustwalker Hatchling","Darius, Nasus, Teemo, Senna, Renata Glasc"
Kindred,JUNGLE,51.0,4,"Kraken Slayer, The Collector, Lord Dominik's Regards, Plated Steelcaps, Scorchclaw Pup","Skarner, Taliyah, Volibear, Viego, Ambessa"
Warwick,JUNGLE,51.0,4,"Stridebreaker, Blade of The Ruined King, Thornmail, Plated Steelcaps, Gustwalker Hatchling","Taliyah, Skarner, Shen, Swain, Quinn"
Kha'Zix,JUNGLE,50.0,4,"Umbral Glaive, Bastionbreaker, Edge of Night, Ionian Boots of Lucidity, Gustwalker Hatchling","Naafiri, Zyra, Rengar, Zed, Master Yi"
Fizz,JUNGLE,52.0,3,"Dusk and Dawn, Nashor's Tooth, Zhonya's Hourglass, Sorcerer's Shoes, Scorchclaw Pup","Sion, Diana, Akshan, Teemo, Gwen"
Sylas,JUNGLE,50.0,3,"Hextech Rocketbelt, Riftmaker, Zhonya's Hourglass, Sorcerer's Shoes, Scorchclaw Pup","Sion, Pantheon, Naafiri, Taliyah, Teemo"
Talon,JUNGLE,50.0,4,"Hubris, Umbral Glaive, Axiom Arc, Ionian Boots of Lucidity, Scorchclaw Pup","Bel'Veth, Darius, Aatrox, Morgana, Pantheon"
Jax,JUNGLE,50.0,3,"Trinity Force, Sundered Sky, Zhonya's Hourglass, Plated Steelcaps, Gustwalker Hatchling","Quinn, Zac, Cassiopeia, Fiddlesticks, Malphite"
Aatrox,JUNGLE,50.0,3,"Hubris, Sundered Sky, Death's Dance, Plated Steelcaps, Scorchclaw Pup","Malphite, Heimerdinger, Kayle, Darius, Master Yi"
Vi,JUNGLE,50.0,4,"Sundered Sky, Black Cleaver, Guardian Angel, Plated Steelcaps, Gustwalker Hatchling","Zyra, Ekko, Shaco, Sylas, Elise"
Volibear,JUNGLE,50.0,4,"Dusk and Dawn, Navori Flickerblade, Spirit Visage, Mercury's Treads, Gustwalker Hatchling","Cassiopeia, Ryze, Kayle, Elise, Darius"
Ambessa,JUNGLE,49.0,3,"Hubris, Axiom Arc, Death's Dance, Plated Steelcaps, Scorchclaw Pup","Rammus, Taliyah, Master Yi, Maokai, Warwick"
Shen,JUNGLE,52.0,3,"Protoplasm Harness, Unending Despair, Abyssal Mask, Plated Steelcaps, Scorchclaw Pup","Riven, Illaoi, Sett, Qiyana, Aatrox"
Zac,JUNGLE,51.0,4,"Hextech Rocketbelt, Sunfire Aegis, Spirit Visage, Ionian Boots of Lucidity, Scorchclaw Pup","Jayce, Nidalee, Bel'Veth, Varus, Warwick"
Udyr,JUNGLE,50.0,4,"Liandry's Torment, Dead Man's Plate, Spirit Visage, Boots of Swiftness, Gustwalker Hatchling","Jayce, Shen, Nunu & Willump, Anivia, Volibear"
Amumu,JUNGLE,51.0,4,"Liandry's Torment, Sunfire Aegis, Abyssal Mask, Plated Steelcaps, Mosstomper Seedling","Teemo, Fizz, Sylas, Viego, Briar"
Ivern,JUNGLE,51.0,4,"Redemption, Moonstone Renewer, Ardent Censer, Ionian Boots of Lucidity, Gustwalker Hatchling","Shaco, Aatrox, Volibear, Lee Sin, Viego"
Darius,JUNGLE,50.0,3,"Youmuu's Ghostblade, Dead Man's Plate, Force of Nature, Boots of Swiftness, Gustwalker Hatchling","Anivia, Varus, Cassiopeia, Elise, Evelynn"
Hecarim,JUNGLE,50.0,4,"Spear of Shojin, Black Cleaver, Death's Dance, Ionian Boots of Lucidity, Gustwalker Hatchling","Taliyah, Teemo, Ivern, Naafiri, Talon"
Zaahen,JUNGLE,50.0,4,"Trinity Force, Sundered Sky, Death's Dance, Plated Steelcaps, Gustwalker Hatchling","Olaf, Swain, Urgot, Zyra, Nidalee"
Taliyah,JUNGLE,50.0,5,"Blackfire Torch, Shadowflame, Zhonya's Hourglass, Sorcerer's Shoes, Scorchclaw Pup","Twisted Fate, Katarina, Ekko, Darius, Rammus"
Sejuani,JUNGLE,51.0,4,"Heartsteel, Unending Despair, Thornmail, Plated Steelcaps, Mosstomper Seedling","Ivern, Jayce, Gwen, Viego, Nocturne"
Wukong,JUNGLE,50.0,4,"Trinity Force, Sundered Sky, Black Cleaver, Plated Steelcaps, Gustwalker Hatchling","Zyra, Fizz, Ivern, Vladimir, Teemo"
Skarner,JUNGLE,50.0,5,"Heartsteel, Unending Despair, Spirit Visage, Plated Steelcaps, Mosstomper Seedling","Fizz, Evelynn, Zyra, Graves, Lee Sin"
Nidalee,JUNGLE,50.0,5,"Lich Bane, Shadowflame, Zhonya's Hourglass, Sorcerer's Shoes, Scorchclaw Pup","Rammus, Nasus, Sejuani, Kha'Zix, Graves"
Rengar,JUNGLE,49.0,5,"Umbral Glaive, Profane Hydra, Lord Dominik's Regards, Ionian Boots of Lucidity, Gustwalker Hatchling","Nasus, Gwen, Fizz, Lillia, Kha'Zix"
Dr. Mundo,JUNGLE,50.0,4,"Heartsteel, Dead Man's Plate, Spirit Visage, Boots of Swiftness, Gustwalker Hatchling","Zac, Gwen, Fiora, Taliyah, Aatrox"
Gwen,JUNGLE,50.0,4,"Dusk and Dawn, Shadowflame, Rabadon's Deathcap, Sorcerer's Shoes, Gustwalker Hatchling","Master Yi, Singed, Yasuo, Ivern, Karthus"
Zed,JUNGLE,50.0,3,"Hubris, Axiom Arc, Serylda's Grudge, Ionian Boots of Lucidity, Scorchclaw Pup","Nasus, Kayle, Malphite, Fizz, Evelynn"
Pantheon,JUNGLE,50.0,4,"Sundered Sky, Black Cleaver, Guardian Angel, Plated Steelcaps, Scorchclaw Pup","Zoe, Fiddlesticks, Zilean, Anivia, Poppy"
Karthus,JUNGLE,50.0,5,"Blackfire Torch, Shadowflame, Rabadon's Deathcap, Sorcerer's Shoes, Scorchclaw Pup","Naafiri, Rammus, Skarner, Lee Sin, Viego"
Teemo,JUNGLE,51.0,4,"Nashor's Tooth, Liandry's Torment, Malignance, Sorcerer's Shoes, Scorchclaw Pup","Aurora, Cassiopeia, Ornn, Bel'Veth, Rammus"
Gragas,JUNGLE,50.0,4,"Lich Bane, Shadowflame, Zhonya's Hourglass, Sorcerer's Shoes, Gustwalker Hatchling","Ornn, Heimerdinger, Wukong, Zyra, Amumu"
Jayce,JUNGLE,49.0,4,"Youmuu's Ghostblade, Opportunity, Edge of Night, Ionian Boots of Lucidity, Scorchclaw Pup","Olaf, Poppy, Irelia, Sion, Malphite"
Qiyana,JUNGLE,50.0,4,"Profane Hydra, Axiom Arc, Serylda's Grudge, Ionian Boots of Lucidity, Gustwalker Hatchling","Swain, Malphite, Nasus, Warwick, Sejuani"
Malphite,JUNGLE,51.0,3,"Malignance, Stormsurge, Shadowflame, Plated Steelcaps, Gustwalker Hatchling","Dr. Mundo, Swain, Anivia, Kassadin, Galio"
Ahri,MID,51.0,2,"Malignance, Shadowflame, Zhonya's Hourglass, Sorcerer's Shoes, Doran's Ring","Annie, Zoe, Katarina, Yone, Azir"
Xerath,MID,51.0,2,"Luden's Echo, Shadowflame, Rabadon's Deathcap, Sorcerer's Shoes, Doran's Ring","Kayle, Sion, Cho'Gath, Elise, Renata Glasc"
Lissandra,MID,52.0,2,"Malignance, Shadowflame, Zhonya's Hourglass, Sorcerer's Shoes, Doran's Ring","Vel'Koz, Lux, Malphite, Naafiri, Mel"
Katarina,MID,51.0,3,"Kraken Slayer, Blade of The Ruined King, Terminus, Sorcerer's Shoes, Dark Seal","Malphite, Kayle, Cho'Gath, Kalista, Samira"
Malzahar,MID,51.0,3,"Blackfire Torch, Liandry's Torment, Rylai's Crystal Scepter, Sorcerer's Shoes, Doran's Ring","Sion, Aurelion Sol, Kayle, Mel, Yasuo"
Fizz,MID,52.0,3,"Lich Bane, Zhonya's Hourglass, Rabadon's Deathcap, Sorcerer's Shoes, Doran's Ring","Sion, Diana, Akshan, Teemo, Gwen"
Vex,MID,53.0,3,"Luden's Echo, Shadowflame, Zhonya's Hourglass, Sorcerer's Shoes, Doran's Ring","Morgana, Kayle, Swain, LeBlanc, Yasuo"
Twisted Fate,MID,51.0,3,"Rod of Ages, Lich Bane, Rapid Firecannon, Boots of Swiftness, Doran's Ring","Swain, Brand, Jayce, Azir, Hwei"
Viktor,MID,51.0,3,"Blackfire Torch, Liandry's Torment, Zhonya's Hourglass, Sorcerer's Shoes, Doran's Ring","Nasus, Zoe, Vel'Koz, Mel, Ryze"
Akali,MID,50.0,3,"Hextech Gunblade, Shadowflame, Zhonya's Hourglass, Sorcerer's Shoes, Doran's Ring","Pantheon, Nasus, Akshan, Zac, Riven"
Anivia,MID,51.0,3,"Tear of the Goddess, Rod of Ages, Seraph's Embrace, Liandry's Torment, Sorcerer's Shoes","Morgana, Aurelion Sol, Vel'Koz, Maokai, LeBlanc"
Zed,MID,50.0,3,"Eclipse, Voltaic Cyclosword, Serylda's Grudge, Ionian Boots of Lucidity, Long Sword","Nasus, Kayle, Malphite, Fizz, Evelynn"
Hwei,MID,51.0,3,"Blackfire Torch, Liandry's Torment, Shadowflame, Sorcerer's Shoes, Doran's Ring","Brand, Twisted Fate, Kayle, Swain, Kog'Maw"
Aurelion Sol,MID,52.0,3,"Blackfire Torch, Rylai's Crystal Scepter, Liandry's Torment, Sorcerer's Shoes, Doran's Ring","Fizz, LeBlanc, Naafiri, Zeri, Nilah"
Yasuo,MID,50.0,3,"Blade of The Ruined King, Immortal Shieldbow, Infinity Edge, Berserker's Greaves, Doran's Blade","Annie, Lissandra, Cho'Gath, Wukong, Zac"
Lux,MID,51.0,3,"Luden's Echo, Stormsurge, Shadowflame, Sorcerer's Shoes, Doran's Ring","Elise, LeBlanc, Renata Glasc, Pantheon, Sion"
Annie,MID,52.0,3,"Malignance, Stormsurge, Shadowflame, Sorcerer's Shoes, Doran's Ring","Pantheon, Naafiri, Cho'Gath, Yone, Yasuo"
Diana,MID,51.0,3,"Stormsurge, Shadowflame, Zhonya's Hourglass, Sorcerer's Shoes, Doran's Ring","Nasus, Cassiopeia, Sion, Volibear, Gwen"
Sylas,MID,50.0,3,"Hextech Rocketbelt, Riftmaker, Zhonya's Hourglass, Sorcerer's Shoes, Doran's Ring","Sion, Pantheon, Naafiri, Taliyah, Teemo"
Zoe,MID,51.0,3,"Luden's Echo, Shadowflame, Rabadon's Deathcap, Sorcerer's Shoes, Doran's Ring","Nasus, Ziggs, Malzahar, Poppy, Morgana"
Veigar,MID,52.0,3,"Tear of the Goddess, Rod of Ages, Seraph's Embrace, Rabadon's Deathcap, Sorcerer's Shoes","Cho'Gath, Nasus, Xerath, Katarina, Ziggs"
LeBlanc,MID,50.0,4,"Luden's Echo, Shadowflame, Rabadon's Deathcap, Sorcerer's Shoes, Doran's Ring","Vex, Naafiri, Nasus, Elise, Swain"
Syndra,MID,50.0,4,"Luden's Echo, Shadowflame, Rabadon's Deathcap, Sorcerer's Shoes, Doran's Ring","Morgana, Fizz, Vel'Koz, Mel, Yone"
Akshan,MID,51.0,4,"Statikk Shiv, The Collector, Infinity Edge, Mercury's Treads, Doran's Blade","Pantheon, Brand, Malphite, Akali, Zoe"
Naafiri,MID,51.0,2,"Voltaic Cyclosword, Opportunity, Edge of Night, Ionian Boots of Lucidity, Doran's Blade","Nocturne, Diana, Zyra, Kayle, Pantheon"
Vladimir,MID,50.0,4,"Hextech Rocketbelt, Riftmaker, Rabadon's Deathcap, Ionian Boots of Lucidity, Doran's Ring","Cho'Gath, Anivia, Vel'Koz, Udyr, Cassiopeia"
Ekko,MID,51.0,3,"Dusk and Dawn, Shadowflame, Rabadon's Deathcap, Sorcerer's Shoes, Doran's Ring","Taliyah, Nasus, Darius, Pantheon, Vladimir"
Aurora,MID,50.0,4,"Hextech Rocketbelt, Shadowflame, Rabadon's Deathcap, Sorcerer's Shoes, Doran's Ring","Taliyah, Vex, Nasus, Cassiopeia, Quinn"
Sion,MID,51.0,3,"Hollow Radiance, Unending Despair, Thornmail, Mercury's Treads, Doran's Shield","Singed, Swain, Darius, Cho'Gath, Twisted Fate"
Brand,MID,52.0,3,"Blackfire Torch, Rylai's Crystal Scepter, Liandry's Torment, Sorcerer's Shoes, Doran's Ring","Elise, Taric, Hwei, Aurora, Zed"
Galio,MID,50.0,4,"Hollow Radiance, Riftmaker, Zhonya's Hourglass, Mercury's Treads, Doran's Ring","Kayle, Hwei, Cassiopeia, Zilean, Rell"
Malphite,MID,51.0,3,"Malignance, Stormsurge, Shadowflame, Plated Steelcaps, Doran's Ring","Dr. Mundo, Swain, Anivia, Kassadin, Galio"
Kassadin,MID,50.0,4,"Tear of the Goddess, Rod of Ages, Muramana, Seraph's Embrace, Sorcerer's Shoes","Morgana, Nasus, Cho'Gath, Yasuo, Akali"
Irelia,MID,50.0,3,"Blade of The Ruined King, Hullbreaker, Wit's End, Mercury's Treads, Doran's Blade","Zac, Jax, Malphite, Nasus, Vex"
Yone,MID,49.0,4,"Blade of The Ruined King, Immortal Shieldbow, Infinity Edge, Berserker's Greaves, Doran's Blade","Kayle, Annie, Pantheon, Olaf, Wukong"
Pantheon,MID,50.0,4,"Eclipse, Sundered Sky, Black Cleaver, Mercury's Treads, Doran's Blade","Zoe, Fiddlesticks, Zilean, Anivia, Poppy"
Qiyana,MID,50.0,4,"Hubris, Profane Hydra, Serylda's Grudge, Ionian Boots of Lucidity, Doran's Blade","Swain, Malphite, Nasus, Warwick, Sejuani"
Vel'Koz,MID,52.0,3,"Luden's Echo, Shadowflame, Zhonya's Hourglass, Sorcerer's Shoes, Doran's Ring","Fiddlesticks, Shaco, Hwei, Annie, Kassadin"
Talon,MID,50.0,4,"Profane Hydra, Sundered Sky, Serylda's Grudge, Ionian Boots of Lucidity, Doran's Blade","Bel'Veth, Darius, Aatrox, Morgana, Pantheon"
Orianna,MID,48.0,5,"Luden's Echo, Shadowflame, Rabadon's Deathcap, Sorcerer's Shoes, Doran's Ring","Aurelion Sol, Nasus, Ziggs, Mel, Ryze"
Nasus,MID,51.0,3,"Trinity Force, Bandlepipes, Frozen Heart, Ionian Boots of Lucidity, Doran's Shield","Anivia, Wukong, Pantheon, Sejuani, Darius"
Swain,MID,51.0,3,"Blackfire Torch, Rylai's Crystal Scepter, Zhonya's Hourglass, Mercury's Treads, Doran's Ring","Milio, Fiddlesticks, Vel'Koz, Kalista, Vayne"
Ryze,MID,48.0,5,"Tear of the Goddess, Rod of Ages, Seraph's Embrace, Actualizer, Mercury's Treads","Vel'Koz, Brand, Aurelion Sol, Pantheon, Dr. Mundo"
Cassiopeia,MID,51.0,4,"Tear of the Goddess, Rod of Ages, Seraph's Embrace, Rylai's Crystal Scepter, Boots of Swiftness","Brand, Sion, Pantheon, Dr. Mundo, Yorick"
Kayle,MID,53.0,3,"Nashor's Tooth, Dusk and Dawn, Rabadon's Deathcap, Boots of Swiftness, Doran's Shield","Irelia, Vladimir, Anivia, Sion, Akali"
Mel,MID,45.0,5,"Luden's Echo, Shadowflame, Zhonya's Hourglass, Sorcerer's Shoes, Doran's Ring","Veigar, Aurelion Sol, Kayle, Sona, Zilean"
Ziggs,MID,51.0,4,"Luden's Echo, Shadowflame, Rabadon's Deathcap, Sorcerer's Shoes, Doran's Ring","Aurelion Sol, Vel'Koz, Nilah, Cassiopeia, Irelia"
Taliyah,MID,50.0,5,"Seraph's Embrace, Rylai's Crystal Scepter, Liandry's Torment, Ionian Boots of Lucidity, Doran's Ring","Twisted Fate, Katarina, Ekko, Darius, Rammus"
Morgana,MID,50.0,4,"Blackfire Torch, Liandry's Torment, Zhonya's Hourglass, Sorcerer's Shoes, Doran's Ring","Shaco, Fiddlesticks, Janna, Annie, Katarina"
Jayce,MID,49.0,4,"Tear of the Goddess, Youmuu's Ghostblade, Muramana, Serylda's Grudge, Ionian Boots of Lucidity","Olaf, Poppy, Irelia, Sion, Malphite"
Azir,MID,47.0,5,"Nashor's Tooth, Shadowflame, Zhonya's Hourglass, Sorcerer's Shoes, Doran's Ring","Jayce, Nasus, Xerath, Yasuo, Orianna"
Cho'Gath,MID,50.0,4,"Hextech Rocketbelt, Riftmaker, Dead Man's Plate, Mercury's Treads, Doran's Ring","Kayle, Udyr, Sett, Brand, Galio"
Smolder,MID,51.0,3,"Essence Reaver, Spear of Shojin, Rapid Firecannon, Ionian Boots of Lucidity, Doran's Blade","Yasuo, Kog'Maw, Veigar, Akshan, Irelia"
Jinx,ADC,53.0,1,"Hexoptics C44, Phantom Dancer, Infinity Edge, Berserker's Greaves, Doran's Blade","Katarina, Ziggs, Brand, Kalista, Kai'Sa"
Ashe,ADC,52.0,1,"Kraken Slayer, Phantom Dancer, Infinity Edge, Berserker's Greaves, Doran's Blade","Katarina, Hwei, Brand, Kalista, Kai'Sa"
Caitlyn,ADC,50.0,2,"Hexoptics C44, Infinity Edge, Rapid Firecannon, Berserker's Greaves, Doran's Blade","Vel'Koz, Hwei, Lux, Yunara, Aphelios"
Smolder,ADC,51.0,3,"Essence Reaver, Spear of Shojin, Rapid Firecannon, Ionian Boots of Lucidity, Doran's Blade","Yasuo, Kog'Maw, Veigar, Akshan, Irelia"
Jhin,ADC,50.0,2,"Hubris, The Collector, Infinity Edge, Boots of Swiftness, Doran's Blade","Katarina, Brand, Seraphine, Mel, Varus"
Vayne,ADC,51.0,2,"Blade of The Ruined King, Guinsoo's Rageblade, Terminus, Berserker's Greaves, Doran's Blade","Katarina, Miss Fortune, Yasuo, Malphite, Aurora"
Lucian,ADC,50.0,3,"Essence Reaver, Navori Flickerblade, Infinity Edge, Ionian Boots of Lucidity, Doran's Blade","Seraphine, Hwei, Vel'Koz, Zeri, Varus"
Miss Fortune,ADC,51.0,3,"Hubris, The Collector, Infinity Edge, Boots of Swiftness, Doran's Blade","Yasuo, Katarina, Vel'Koz, Varus, Vayne"
Samira,ADC,51.0,3,"The Collector, Infinity Edge, Lord Dominik's Regards, Plated Steelcaps, Doran's Blade","Swain, Vel'Koz, Senna, Kai'Sa, Ezreal"
Twitch,ADC,51.0,3,"The Collector, Fiendhunter Bolts, Infinity Edge, Berserker's Greaves, Doran's Blade","Nilah, Brand, Katarina, Varus, Sivir"
Xayah,ADC,52.0,3,"Essence Reaver, Navori Flickerblade, Infinity Edge, Berserker's Greaves, Doran's Blade","Swain, Hwei, Katarina, Kai'Sa, Twitch"
Kai'Sa,ADC,49.0,3,"Kraken Slayer, Guinsoo's Rageblade, Dusk and Dawn, Berserker's Greaves, Doran's Blade","Brand, Samira, Kog'Maw, Ziggs, Mel"
Swain,ADC,51.0,3,"Malignance, Rylai's Crystal Scepter, Zhonya's Hourglass, Plated Steelcaps, Doran's Ring","Milio, Fiddlesticks, Vel'Koz, Kalista, Vayne"
Senna,ADC,51.0,3,"Statikk Shiv, Hexoptics C44, Infinity Edge, Boots of Swiftness, Doran's Blade","Anivia, Seraphine, Vel'Koz, Lux, Tristana"
Kog'Maw,ADC,53.0,3,"Blade of The Ruined King, Guinsoo's Rageblade, Runaan's Hurricane, Berserker's Greaves, Doran's Blade","Aurelion Sol, Swain, Ziggs, Kai'Sa, Lucian"
Ezreal,ADC,48.0,3,"Tear of the Goddess, Trinity Force, Muramana, Endless Hunger, Ionian Boots of Lucidity","Katarina, Brand, Yasuo, Varus, Corki"
Sivir,ADC,51.0,4,"Essence Reaver, Navori Flickerblade, Infinity Edge, Berserker's Greaves, Doran's Blade","Aurelion Sol, Kog'Maw, Zeri, Ezreal, Jhin"
Nilah,ADC,53.0,4,"The Collector, Infinity Edge, Lord Dominik's Regards, Plated Steelcaps, Doran's Blade","Veigar, Xayah, Senna, Yunara, Kai'Sa"
Tristana,ADC,50.0,4,"Yun Tal Wildarrows, Infinity Edge, Navori Flickerblade, Berserker's Greaves, Doran's Blade","Katarina, Veigar, Draven, Senna, Yunara"
Katarina,ADC,51.0,3,"Kraken Slayer, Blade of The Ruined King, Terminus, Plated Steelcaps, Doran's Blade","Malphite, Kayle, Cho'Gath, Kalista, Samira"
Veigar,ADC,52.0,3,"Luden's Echo, Stormsurge, Rabadon's Deathcap, Sorcerer's Shoes, Doran's Ring","Cho'Gath, Nasus, Xerath, Katarina, Ziggs"
Brand,ADC,52.0,3,"Blackfire Torch, Rylai's Crystal Scepter, Liandry's Torment, Sorcerer's Shoes, Doran's Ring","Elise, Taric, Hwei, Aurora, Zed"
Yasuo,ADC,50.0,3,"Blade of The Ruined King, Immortal Shieldbow, Infinity Edge, Berserker's Greaves, Doran's Blade","Annie, Lissandra, Cho'Gath, Wukong, Zac"
Vel'Koz,ADC,52.0,3,"Luden's Echo, Shadowflame, Rabadon's Deathcap, Sorcerer's Shoes, Doran's Ring","Fiddlesticks, Shaco, Hwei, Annie, Kassadin"
Draven,ADC,50.0,4,"Hubris, Hexoptics C44, Infinity Edge, Berserker's Greaves, Doran's Blade","Brand, Aurelion Sol, Hwei, Corki, Tristana"
Ziggs,ADC,51.0,4,"Luden's Echo, Horizon Focus, Shadowflame, Sorcerer's Shoes, Doran's Ring","Aurelion Sol, Vel'Koz, Nilah, Cassiopeia, Irelia"
Aurelion Sol,ADC,52.0,3,"Blackfire Torch, Rylai's Crystal Scepter, Liandry's Torment, Sorcerer's Shoes, Doran's Ring","Fizz, LeBlanc, Naafiri, Zeri, Nilah"
Aphelios,ADC,49.0,4,"Hexoptics C44, Infinity Edge, Lord Dominik's Regards, Berserker's Greaves, Doran's Blade","Brand, Katarina, Seraphine, Kai'Sa, Yunara"
Yunara,ADC,49.0,4,"Kraken Slayer, Fiendhunter Bolts, Infinity Edge, Berserker's Greaves, Doran's Blade","Vel'Koz, Nilah, Hwei, Sivir, Kalista"
Lux,ADC,51.0,3,"Malignance, Stormsurge, Shadowflame, Sorcerer's Shoes, Doran's Ring","Elise, LeBlanc, Renata Glasc, Pantheon, Sion"
Hwei,ADC,51.0,3,"Blackfire Torch, Liandry's Torment, Shadowflame, Sorcerer's Shoes, Doran's Ring","Brand, Twisted Fate, Kayle, Swain, Kog'Maw"
Zeri,ADC,50.0,5,"Yun Tal Wildarrows, Fiendhunter Bolts, Infinity Edge, Berserker's Greaves, Doran's Blade","Hwei, Vel'Koz, Ziggs, Yunara, Kai'Sa"
Corki,ADC,48.0,5,"Tear of the Goddess, Trinity Force, Muramana, The Collector, Plated Steelcaps","Kog'Maw, Hwei, Katarina, Samira, Tristana"
Seraphine,ADC,52.0,2,"Tear of the Goddess, Blackfire Torch, Echoes of Helia, Diadem of Songs, Ionian Boots of Lucidity","Elise, Zilean, LeBlanc, Ziggs, Swain"
Varus,ADC,49.0,4,"Tear of the Goddess, Youmuu's Ghostblade, Muramana, Edge of Night, Boots of Swiftness","Veigar, Brand, Aurelion Sol, Udyr, Olaf"
Kalista,ADC,48.0,5,"Blade of The Ruined King, Guinsoo's Rageblade, Terminus, Berserker's Greaves, Doran's Blade","Ziggs, Vel'Koz, Jinx, Ezreal, Ashe"
Mel,ADC,45.0,5,"Luden's Echo, Shadowflame, Rabadon's Deathcap, Sorcerer's Shoes, Doran's Ring","Veigar, Aurelion Sol, Kayle, Sona, Zilean"
Nami,SUPPORT,52.0,1,"Imperial Mandate, Moonstone Renewer, Ardent Censer, Ionian Boots of Lucidity, Health Potion","Taric, Janna, Elise, Mel, Xerath"
Thresh,SUPPORT,52.0,1,"Locket of the Iron Solari, Zeke's Convergence, Knight's Vow, Boots of Swiftness, Health Potion","Fiddlesticks, Taric, Hwei, Mel, Anivia"
Milio,SUPPORT,52.0,2,"Echoes of Helia, Moonstone Renewer, Ardent Censer, Ionian Boots of Lucidity, Health Potion","Hwei, Zoe, Blitzcrank, Mel, Swain"
Seraphine,SUPPORT,52.0,2,"Tear of the Goddess, Echoes of Helia, Diadem of Songs, Moonstone Renewer, Ionian Boots of Lucidity","Elise, Zilean, LeBlanc, Ziggs, Swain"
Soraka,SUPPORT,52.0,2,"Moonstone Renewer, Redemption, Dawncore, Ionian Boots of Lucidity, Health Potion","LeBlanc, Bard, Zyra, Pantheon, Pyke"
Janna,SUPPORT,53.0,3,"Moonstone Renewer, Redemption, Shurelya's Battlesong, Boots of Swiftness, Health Potion","Taric, Zilean, Sona, Alistar, Nautilus"
Lulu,SUPPORT,51.0,3,"Ardent Censer, Moonstone Renewer, Redemption, Ionian Boots of Lucidity, Health Potion","Galio, Hwei, Fiddlesticks, Mel, Poppy"
Braum,SUPPORT,52.0,3,"Bandlepipes, Locket of the Iron Solari, Knight's Vow, Plated Steelcaps, Health Potion","Zilean, Taric, Janna, Yuumi, Tahm Kench"
Sona,SUPPORT,52.0,3,"Tear of the Goddess, Echoes of Helia, Diadem of Songs, Moonstone Renewer, Ionian Boots of Lucidity","Taric, Galio, Alistar, Zyra, Morgana"
Leona,SUPPORT,51.0,3,"Locket of the Iron Solari, Bandlepipes, Knight's Vow, Plated Steelcaps, Health Potion","Zilean, Seraphine, Swain, Mel, Yuumi"
Bard,SUPPORT,51.0,3,"Dead Man's Plate, Bandlepipes, Locket of the Iron Solari, Boots of Swiftness, Health Potion","Maokai, Elise, Renata Glasc, Mel, Xerath"
Karma,SUPPORT,50.0,3,"Echoes of Helia, Moonstone Renewer, Redemption, Ionian Boots of Lucidity, Health Potion","Galio, Sona, Elise, Mel, Morgana"
Zilean,SUPPORT,53.0,3,"Shurelya's Battlesong, Bandlepipes, Imperial Mandate, Ionian Boots of Lucidity, Health Potion","Fiddlesticks, Tahm Kench, Soraka, Yuumi, Leona"
Nautilus,SUPPORT,50.0,3,"Locket of the Iron Solari, Bandlepipes, Knight's Vow, Plated Steelcaps, Health Potion","Rell, Leona, Taric, Mel, Xerath"
Rell,SUPPORT,52.0,3,"Zeke's Convergence, Locket of the Iron Solari, Knight's Vow, Plated Steelcaps, Health Potion","Zilean, Seraphine, Swain, Nautilus, Pyke"
Blitzcrank,SUPPORT,51.0,3,"Locket of the Iron Solari, Zeke's Convergence, Bandlepipes, Boots of Swiftness, Health Potion","Elise, Taric, Rell, Mel, Yuumi"
Brand,SUPPORT,52.0,3,"Rylai's Crystal Scepter, Liandry's Torment, Morellonomicon, Sorcerer's Shoes, Health Potion","Elise, Taric, Hwei, Aurora, Zed"
Morgana,SUPPORT,50.0,4,"Liandry's Torment, Zhonya's Hourglass, Rylai's Crystal Scepter, Ionian Boots of Lucidity, Health Potion","Shaco, Fiddlesticks, Janna, Annie, Katarina"
Lux,SUPPORT,51.0,3,"Luden's Echo, Stormsurge, Shadowflame, Sorcerer's Shoes, Health Potion","Elise, LeBlanc, Renata Glasc, Pantheon, Sion"
Alistar,SUPPORT,50.0,4,"Locket of the Iron Solari, Zeke's Convergence, Knight's Vow, Boots of Swiftness, Health Potion","Hwei, Zyra, Janna, Nautilus, Yuumi"
Pyke,SUPPORT,49.0,4,"Umbral Glaive, Youmuu's Ghostblade, Edge of Night, Boots of Swiftness, Health Potion","Rell, Soraka, Maokai, Mel, Senna"
Senna,SUPPORT,51.0,3,"Black Cleaver, Rapid Firecannon, Infinity Edge, Boots of Swiftness, Health Potion","Anivia, Seraphine, Vel'Koz, Lux, Tristana"
Zyra,SUPPORT,52.0,3,"Liandry's Torment, Rylai's Crystal Scepter, Morellonomicon, Sorcerer's Shoes, Health Potion","Sona, Galio, LeBlanc, Briar, Udyr"
Taric,SUPPORT,52.0,4,"Tear of the Goddess, Locket of the Iron Solari, Fimbulwinter, Knight's Vow, Plated Steelcaps","Vel'Koz, Zyra, Swain, Nautilus, Thresh"
Maokai,SUPPORT,51.0,4,"Trailblazer, Bandlepipes, Locket of the Iron Solari, Boots of Swiftness, Health Potion","Fiddlesticks, Zilean, Leona, Volibear, Illaoi"
Vel'Koz,SUPPORT,52.0,3,"Luden's Echo, Horizon Focus, Shadowflame, Sorcerer's Shoes, Health Potion","Fiddlesticks, Shaco, Hwei, Annie, Kassadin"
Rakan,SUPPORT,50.0,4,"Zeke's Convergence, Locket of the Iron Solari, Bandlepipes, Ionian Boots of Lucidity, Health Potion","Fiddlesticks, Renata Glasc, Hwei, Nautilus, Blitzcrank"
Elise,SUPPORT,51.0,3,"Stormsurge, Shadowflame, Zhonya's Hourglass, Sorcerer's Shoes, Health Potion","Taliyah, Amumu, Nasus, Shaco, Leona"
Yuumi,SUPPORT,49.0,4,"Mikael's Blessing, Moonstone Renewer, Ardent Censer, Ionian Boots of Lucidity, Health Potion","Fiddlesticks, Braum, Taric, Swain, Xerath"
Xerath,SUPPORT,51.0,2,"Luden's Echo, Horizon Focus, Shadowflame, Sorcerer's Shoes, Health Potion","Kayle, Sion, Cho'Gath, Elise, Renata Glasc"
Tahm Kench,SUPPORT,50.0,4,"Heartsteel, Thornmail, Spirit Visage, Plated Steelcaps, Health Potion","Braum, Rell, Hwei, Anivia, Zac"
Pantheon,SUPPORT,50.0,4,"Umbral Glaive, Eclipse, Black Cleaver, Plated Steelcaps, Health Potion","Zoe, Fiddlesticks, Zilean, Anivia, Poppy"
Swain,SUPPORT,51.0,3,"Rylai's Crystal Scepter, Liandry's Torment, Zhonya's Hourglass, Sorcerer's Shoes, Health Potion","Milio, Fiddlesticks, Vel'Koz, Kalista, Vayne"
Fiddlesticks,SUPPORT,52.0,3,"Malignance, Zhonya's Hourglass, Liandry's Torment, Sorcerer's Shoes, Health Potion","Rek'Sai, Gragas, Volibear, Alistar, Shaco"
Poppy,SUPPORT,50.0,4,"Dead Man's Plate, Locket of the Iron Solari, Bandlepipes, Boots of Swiftness, Health Potion","Janna, Renata Glasc, Lulu, Quinn, Warwick"
Neeko,SUPPORT,50.0,5,"Hextech Rocketbelt, Zhonya's Hourglass, Frozen Heart, Ionian Boots of Lucidity, Health Potion","Elise, Taric, Alistar, Lux, Bard"
Hwei,SUPPORT,51.0,3,"Blackfire Torch, Liandry's Torment, Shadowflame, Sorcerer's Shoes, Health Potion","Brand, Twisted Fate, Kayle, Swain, Kog'Maw"
Renata Glasc,SUPPORT,50.0,5,"Locket of the Iron Solari, Bandlepipes, Redemption, Ionian Boots of Lucidity, Health Potion","Taric, Leona, Milio, Nami, Thresh"
Anivia,SUPPORT,51.0,3,"Rod of Ages, Bandlepipes, Zhonya's Hourglass, Boots of Swiftness, Health Potion","Morgana, Aurelion Sol, Vel'Koz, Maokai, LeBlanc"
Shaco,SUPPORT,50.0,4,"Blackfire Torch, Liandry's Torment, Cryptbloom, Ionian Boots of Lucidity, Health Potion","Darius, Nasus, Teemo, Senna, Renata Glasc"
Galio,SUPPORT,50.0,4,"Locket of the Iron Solari, Thornmail, Bandlepipes, Plated Steelcaps, Health Potion","Kayle, Hwei, Cassiopeia, Zilean, Rell"
Shen,SUPPORT,52.0,3,"Heartsteel, Thornmail, Protoplasm Harness, Plated Steelcaps, Health Potion","Riven, Illaoi, Sett, Qiyana, Aatrox"
Zoe,SUPPORT,51.0,3,"Luden's Echo, Horizon Focus, Shadowflame, Sorcerer's Shoes, Health Potion","Nasus, Ziggs, Malzahar, Poppy, Morgana"
LeBlanc,SUPPORT,50.0,4,"Luden's Echo, Stormsurge, Shadowflame, Sorcerer's Shoes, Health Potion","Vex, Naafiri, Nasus, Elise, Swain"
Mel,SUPPORT,45.0,5,"Luden's Echo, Shadowflame, Zhonya's Hourglass, Sorcerer's Shoes, Health Potion","Veigar, Aurelion Sol, Kayle, Sona, Zilean"
